#, Job_ID, Reserved, Calculated Design Cooling Load [W]
0, EP_G000000000,  , 520.9779172011891
1, EP_G000000001,  , 330.8782884689929
