#, Job_ID, Reserved, Calculated Design Heating Load [W]
0, EP_G000000000,  , 1578.4562546076904
1, EP_G000000001,  , 1604.4008343374273
