#, Job_ID, Reserved, Calculated Design Cooling Load [W]
0, EP_G000000000,  , 1909.326524373649
1, EP_G000000001,  , 1908.456412642248
