#, Job_ID, Reserved, Calculated Design Heating Load [W]
0, EP_G000000000,  , 1235.0046026676032
1, EP_G000000001,  , 1241.099675215126
